{
  "session_name": "20251017_110929_session",
  "recording_date": "2025-10-17T11:09:52.231378",
  "duration_sec": 600,
  "actual_duration_sec": 11.045230150222778,
  "audio_duration_sec": 13.500997732426304,
  "sensor_data_points": 2139,
  "audio_sample_rate": 44100,
  "audio_chunks": 1706,
  "sensors_collected": [
    "rotation_vector",
    "linear_acceleration",
    "gyroscope"
  ]
}