{
  "session_name": "20251017_143627_session",
  "recording_date": "2025-10-17T14:47:02.579175",
  "duration_sec": 600,
  "actual_duration_sec": 599.9751679897308,
  "audio_duration_sec": 599.5835827664399,
  "sensor_data_points": 29941,
  "audio_sample_rate": 44100,
  "audio_chunks": 75764,
  "sensors_collected": [
    "rotation_vector",
    "linear_acceleration",
    "gyroscope"
  ]
}