{
  "model_type": "SVM",
  "kernel": "rbf",
  "best_params": {
    "C": 10,
    "gamma": 0.001,
    "kernel": "rbf"
  },
  "test_accuracy": 0.9583333333333334,
  "test_f1_score": 0.9464784456587735,
  "cv_mean_score": 0.959331369982548,
  "cv_std_score": 0.006082012109038771,
  "num_features": 78,
  "num_classes": 5,
  "classes": [
    "jump",
    "noise",
    "punch",
    "turn",
    "walk"
  ],
  "training_samples": 959,
  "training_date": "2025-10-15T07:10:14.413161"
}